partido,17989,18001,18008,18009,18027,18028,18035,18036,18037,18038,18045,18046,18053,18054,18055,18056,18057,18058,18059,18066,18067,18068,18069,18076,18077,18078,18079,18080,18087,18088,18089,18090,18091,18092,18093,18094,18095,18096,18097,18098,18099,18100,18107,18108,18109,18116,18117,18118,18119,18120,18121,18122,18123,18130,18131,18132,18133,18134,18135,18136,18137,18138,18139,18140,18141,18142,18143,18144,18151,18152,18153,18154,18155,18156,18157,18164,18165,18166,18172,18191,18192,18193,18194,18195,18196,18203,18204,18205,18206,18207,18208,18209,18216,18217,18218,18219,18254,18312,18320,18321,18322,18323,18330,18331,18332,18333,18334,18335,18336,18337,18338,18339,18340,18349,18350,18351,18358,18359,18360,18361,18369,18370,18371,18372,18373,18374,18388,18389,18390,18391,18392,18393,18394,18395,18396,18397,18406,18407,18408,18409,18410,18411,18412,18413,18414,18415,18422,18423,18424,18425,18426,18427,18428,18429,18430,18437,18444,18445,18446,18462,18463,18464,18465,18466,18467,18476,18477,18478,18491,18492,18493,18494,18495,18496,18504,18505,18506,18507,18508,18509,18510,18511,18512,18513,18514,18515,18527,18528,18529,18530,18531,18532,18533,18548,18549,18550,18551,18552,18563,18644
DEM,0.9782608695652176,0.7173913043478256,0.1842105263157892,0.96875,0.9782608695652176,0.28125,0.293103448275862,0.2931034482758622,0.2413793103448278,0.637931034482759,0.8620689655172415,0.5,0.48275862068965497,0.46551724137930994,0.18965517241379298,0.13793103448275848,0.12068965517241399,0.879310344827586,0.206896551724138,0.6896551724137929,0.224137931034483,0.15517241379310348,0.8103448275862069,0.8965517241379315,0.9310344827586203,0.9137931034482754,0.103448275862069,0.13793103448275848,0.25,0.2,0.1333333333333335,0.9833333333333336,0.8333333333333335,0.8333333333333335,0.8500000000000005,0.0833333333333335,0.1333333333333333,0.2,0.8620689655172417,0.2068965517241385,0.7758620689655173,0.18965517241379298,0.18965517241379298,0.2413793103448275,0.8448275862068964,0.793103448275862,0.879310344827586,0.086206896551724,0.8965517241379315,0.18965517241379298,0.7758620689655173,0.8448275862068964,0.27586206896551696,0.27586206896551696,0.293103448275862,0.7758620689655169,0.31034482758620696,0.31034482758620696,0.8103448275862069,0.7758620689655169,0.793103448275862,0.6724137931034484,0.27586206896551696,0.2413793103448275,0.6896551724137929,0.7586206896551725,0.706896551724138,0.31034482758620696,0.224137931034483,0.3275862068965515,0.13793103448275848,0.13793103448275848,0.086206896551724,0.551724137931035,0.18965517241379298,0.8448275862068969,0.879310344827586,0.913793103448276,0.9482758620689653,0.224137931034483,0.103448275862069,0.7586206896551725,0.224137931034483,0.7413793103448275,0.1379310344827587,0.18965517241379298,0.12068965517241399,0.27586206896551696,0.7241379310344825,0.18965517241379298,0.13793103448275848,0.31034482758620696,0.7413793103448275,0.18965517241379298,0.206896551724138,0.17241379310344848,0.17241379310344848,0.3,0.8833333333333335,0.8666666666666665,0.15,0.783333333333333,0.8166666666666664,0.7500000000000006,0.11666666666666652,0.8000000000000005,0.16666666666666652,0.783333333333333,0.716666666666667,0.21666666666666684,0.21666666666666684,0.23333333333333353,0.49999999999999956,0.8166666666666664,0.8,0.26666666666666644,0.224137931034483,0.913793103448276,0.13793103448275848,0.706896551724138,0.03448275862068965,0.4310344827586208,0.2586206896551725,0.793103448275862,0.17241379310344848,0.8275862068965515,0.7068965517241379,0.8620689655172413,0.8275862068965514,0.896551724137931,0.7758620689655173,0.879310344827586,0.15517241379310348,0.49999999999999967,0.6896551724137929,0.3965517241379315,0.8448275862068964,0.13793103448275848,0.15517241379310348,0.8103448275862069,0.293103448275862,0.8103448275862069,0.7758620689655169,0.2413793103448275,0.27586206896551696,0.7586206896551725,0.7241379310344824,0.20689655172413818,0.9482758620689653,0.896551724137931,0.310344827586207,0.8275862068965518,0.8620689655172413,0.2758620689655175,0.8103448275862064,0.17241379310344848,0.15517241379310348,0.3275862068965515,0.741379310344827,0.637931034482759,0.224137931034483,0.15517241379310348,0.224137931034483,0.8448275862068964,0.27586206896551724,0.224137931034483,0.206896551724138,0.27586206896551696,0.2586206896551727,0.43103448275862044,0.7758620689655173,0.36206896551724127,0.37931034482758597,0.2931034482758622,0.2758620689655173,0.8448275862068964,0.724137931034483,0.7758620689655169,0.17241379310344848,0.3275862068965515,0.7586206896551725,0.8448275862068964,0.2931034482758622,0.741379310344827,0.2413793103448275,0.17241379310344818,0.724137931034483,0.793103448275862,0.810344827586207,0.810344827586207,0.8620689655172413,0.18965517241379318,0.8103448275862069,0.85,0.26666666666666644,0.16666666666666652,0.15000000000000002,0.11666666666666652,0.18333333333333354,0.15517241379310348
PCdoB,1.0,0.05,1.0,0.0,0.875,0.5555555555555555,0.5,0.5,0.5000000000000001,0.0,0.125,0.875,0.8333333333333335,0.9166666666666665,0.5,0.5416666666666665,0.5416666666666665,0.5,0.5,0.5,0.5416666666666663,0.5000000000000001,0.5,0.5,0.16666666666666666,0.0833333333333335,0.5,0.5,0.5909090909090909,0.6666666666666665,0.6666666666666665,0.09090909090909101,0.1363636363636365,0.09090909090909101,0.09090909090909101,0.7727272727272725,0.8636363636363635,0.8636363636363635,0.0833333333333335,0.9166666666666665,0.12500000000000014,0.5,0.75,0.6666666666666665,0.3750000000000001,0.125,0.708333333333333,0.16666666666666652,0.45833333333333304,0.2916666666666665,0.49999999999999983,0.875,0.5,0.20833333333333354,0.5,0.5,0.5416666666666669,0.5,0.5,0.5,0.4166666666666665,0.5,0.5,0.5,0.9166666666666665,0.875,0.5,0.5,0.5,0.5,0.5,0.75,0.5,0.5,0.5,0.791666666666667,0.9583333333333336,0.8333333333333335,1.0,0.5,0.5,0.5,0.5,0.5,0.5,0.5,0.5,0.5,0.29166666666666663,0.5,0.5,0.5,0.5,0.5,0.5,0.5000000000000001,0.5000000000000001,0.5,1.0,0.09090909090909101,0.1363636363636365,0.18181818181818202,0.0,0.0833333333333335,0.0,0.5000000000000001,0.5,0.5,0.5000000000000001,0.5000000000000001,0.5,0.5,0.875,0.0,0.5000000000000001,0.5,0.0833333333333335,0.9583333333333336,0.04166666666666665,0.20833333333333354,0.5416666666666665,0.0,0.5,0.5,0.5000000000000001,0.5,0.0,0.9166666666666665,0.875,1.0,0.9166666666666665,0.9583333333333336,0.0833333333333335,0.5000000000000001,1.0,0.04166666666666665,0.9166666666666665,0.125,0.9166666666666665,0.125,0.7916666666666665,0.25,0.25,0.5,0.9166666666666665,0.875,0.04166666666666665,0.9166666666666665,0.0,0.0833333333333333,0.9583333333333336,1.0,0.0,0.0,1.0,0.5,0.5,0.5,0.45833333333333354,0.7916666666666665,0.2916666666666665,0.5,0.5,0.20833333333333354,0.5,0.2916666666666665,0.125,0.25,0.9166666666666665,0.5,0.0833333333333335,0.8333333333333335,0.5,0.5,0.7916666666666665,0.7916666666666665,0.7916666666666665,0.29166666666666685,0.25,0.25,0.7916666666666665,0.75,0.5,0.25,0.5,0.5,0.7916666666666665,0.7916666666666665,0.04166666666666665,0.04166666666666665,0.0833333333333335,0.875,0.8333333333333335,0.25,0.45833333333333354,0.45833333333333354,0.9166666666666665,0.5,0.5,0.9166666666666665
PDT,1.0,0.8,1.0,0.0,0.923076923076923,0.2,0.475,0.475,0.5,0.125,0.30000000000000004,0.85,0.675,0.625,0.42500000000000004,0.475,0.475,0.525,0.47500000000000003,0.5,0.75,0.475,0.575,0.3947368421052634,0.13157894736842118,0.5,0.4473684210526314,0.4736842105263155,0.605263157894737,0.473684210526316,0.4736842105263155,0.1315789473684209,0.18421052631578938,0.2105263157894739,0.18421052631578938,0.473684210526316,0.7894736842105265,0.6842105263157895,0.1578947368421054,0.8947368421052628,0.2105263157894739,0.473684210526316,0.81578947368421,0.3947368421052635,0.18421052631578938,0.868421052631579,0.9210526315789476,0.0789473684210525,0.1578947368421054,0.34210526315789447,0.1578947368421054,0.8947368421052628,0.1578947368421055,0.23684210526315802,0.1578947368421054,0.7894736842105265,0.1842105263157895,0.7105263157894741,0.8157894736842105,0.868421052631579,0.2105263157894739,0.6578947368421055,0.1842105263157895,0.1578947368421054,0.736842105263158,0.763157894736842,0.7894736842105265,0.263157894736842,0.473684210526316,0.5789473684210525,0.394736842105263,0.8421052631578949,0.5263157894736845,0.5263157894736844,0.47368421052631604,0.9210526315789476,0.9736842105263163,0.868421052631579,0.81578947368421,0.473684210526316,0.5000000000000001,0.5263157894736838,0.473684210526316,0.5263157894736838,0.473684210526316,0.5,0.5,0.5,0.7894736842105265,0.47368421052631604,0.5263157894736844,0.4736842105263155,0.49999999999999994,0.5,0.473684210526316,0.47368421052631604,0.4473684210526315,0.473684210526316,0.9473684210526313,0.8421052631578944,0.131578947368421,0.2631578947368425,0.8,0.3,0.05,0.55,0.45,0.55,0.525,0.47500000000000003,0.5,0.42500000000000004,0.9,0.8,0.49999999999999967,0.49999999999999967,0.19047619047619052,0.8333333333333336,0.14285714285714302,0.30952380952380965,0.1428571428571428,0.1904761904761902,0.4047619047619048,0.547619047619048,0.4523809523809521,0.547619047619048,0.285714285714285,0.8571428571428571,0.80952380952381,0.8571428571428571,0.8333333333333333,0.904761904761905,0.11904761904761901,0.42857142857142855,0.619047619047619,0.21428571428571414,0.9047619047619045,0.1428571428571426,0.6428571428571426,0.16666666666666652,0.7619047619047616,0.1428571428571426,0.1666666666666667,0.23809523809523822,0.16666666666666652,0.80952380952381,0.0952380952380952,0.5,0.26190476190476175,0.38095238095238104,0.8095238095238092,0.6666666666666666,0.595238095238095,0.49999999999999983,0.7380952380952385,0.5,0.6190476190476195,0.547619047619048,0.5238095238095237,0.7954545454545449,0.15909090909090898,0.4545454545454545,0.4545454545454545,0.318181818181818,0.704545454545455,0.11904761904761901,0.23809523809523803,0.21428571428571447,0.8809523809523812,0.4761904761904763,0.23809523809523758,0.7857142857142856,0.3809523809523809,0.23809523809523828,0.8095238095238092,0.8809523809523812,0.9285714285714285,0.9285714285714285,0.07142857142857151,0.07142857142857151,0.9523809523809527,0.904761904761905,0.23809523809523828,0.11904761904761911,0.5952380952380951,0.49999999999999967,0.8333333333333335,0.8571428571428572,0.1428571428571426,0.1428571428571426,0.1904761904761902,0.5,0.7857142857142856,0.23809523809523814,0.19047619047619052,0.16666666666666652,0.8571428571428571,0.45238095238095255,0.4761904761904761,0.6428571428571426
PEN,1.0,1.0,1.0,1.0,1.0,0.5,0.0,0.5,0.16666666666666652,0.8333333333333335,0.666666666666667,0.3333333333333335,0.666666666666667,0.666666666666667,0.16666666666666652,0.16666666666666652,0.16666666666666652,0.6666666666666665,0.3333333333333335,0.6666666666666665,0.3333333333333335,0.3333333333333335,0.8333333333333335,1.0,1.0,1.0,0.3333333333333335,0.16666666666666652,0.3333333333333335,0.33333333333333304,0.49999999999999956,0.666666666666667,0.666666666666667,0.33333333333333304,0.666666666666667,0.33333333333333304,0.0,0.666666666666667,1.0,0.33333333333333304,0.666666666666667,0.16666666666666652,0.0,0.3333333333333335,0.8333333333333335,0.8333333333333335,0.33333333333333304,0.33333333333333304,1.0,0.0,1.0,1.0,0.3333333333333335,0.3333333333333335,0.8333333333333335,0.16666666666666652,0.49999999999999956,0.5,0.16666666666666652,0.5,0.666666666666667,0.49999999999999956,0.33333333333333304,0.33333333333333304,0.8333333333333335,0.666666666666667,0.666666666666667,0.33333333333333304,0.0,0.0,0.16666666666666652,0.16666666666666652,0.0,0.5,0.16666666666666652,1.0,1.0,0.666666666666667,1.0,0.3333333333333335,0.16666666666666652,0.6666666666666665,0.3333333333333335,0.6666666666666665,0.16666666666666652,0.16666666666666652,0.3333333333333335,0.16666666666666652,1.0,0.3333333333333335,0.16666666666666652,0.0,0.8333333333333335,0.0,0.0,0.3333333333333335,0.0,0.3333333333333335,1.0,0.666666666666667,0.3333333333333335,0.6666666666666665,0.16666666666666652,1.0,0.0,1.0,0.0,1.0,1.0,0.0,0.33333333333333304,0.0,0.3333333333333335,0.16666666666666652,0.8333333333333335,0.0,0.3333333333333335,0.49999999999999956,0.16666666666666652,0.6666666666666665,0.5,0.0,0.16666666666666652,1.0,0.16666666666666652,0.6666666666666665,0.0,1.0,1.0,1.0,0.8333333333333335,1.0,0.0,0.5,1.0,0.8333333333333335,0.8333333333333335,0.3333333333333335,0.8333333333333335,0.8333333333333335,0.3333333333333335,0.8333333333333335,0.8333333333333335,0.3333333333333335,0.3333333333333335,0.5,0.666666666666667,0.16666666666666652,1.0,1.0,0.0,0.0,1.0,0.666666666666667,0.0,0.6666666666666665,0.16666666666666652,0.3333333333333335,1.0,1.0,0.0,0.0,0.3333333333333335,1.0,0.0,0.16666666666666652,0.3333333333333335,0.0,0.3333333333333335,0.5,0.33333333333333304,0.49999999999999956,0.3333333333333335,0.3333333333333335,0.49999999999999956,0.6666666666666665,0.8333333333333335,1.0,0.0,0.33333333333333304,0.8333333333333335,0.5,0.3333333333333335,1.0,0.16666666666666652,0.0,0.6666666666666665,0.6666666666666665,0.49999999999999956,0.49999999999999956,0.8333333333333335,0.16666666666666652,1.0,0.6666666666666665,0.3333333333333335,0.0,0.0,0.0,0.16666666666666652,0.8333333333333335
PHS,1.0,1.0,0.833333333333333,1.0,1.0,0.25,0.21428571428571452,0.21428571428571452,0.42857142857142855,0.3571428571428575,0.42857142857142894,0.7857142857142857,0.571428571428572,0.7142857142857141,0.3571428571428571,0.3571428571428575,0.28571428571428603,0.7857142857142857,0.21428571428571447,0.7857142857142856,0.21428571428571447,0.14285714285714302,0.7857142857142856,0.6428571428571426,0.6428571428571426,0.5000000000000004,0.3571428571428575,0.28571428571428553,0.4285714285714285,0.7142857142857141,0.5000000000000004,0.35714285714285754,0.21428571428571447,0.5000000000000004,0.6428571428571426,0.28571428571428603,0.35714285714285754,0.5000000000000004,0.42857142857142855,0.6428571428571426,0.28571428571428603,0.28571428571428553,0.21428571428571452,0.28571428571428603,0.7857142857142857,0.9285714285714285,0.857142857142857,0.0,0.28571428571428603,0.4285714285714285,0.42857142857142894,0.5714285714285715,0.5000000000000001,0.21428571428571447,0.07142857142857151,0.7857142857142857,0.3571428571428571,0.3571428571428571,0.571428571428572,0.6428571428571435,0.7142857142857142,0.8571428571428572,0.28571428571428553,0.14285714285714302,0.7142857142857141,0.6428571428571435,0.28571428571428603,0.07142857142857151,0.14285714285714302,0.28571428571428603,0.07142857142857151,0.28571428571428553,0.3571428571428575,0.5714285714285716,0.14285714285714302,0.9285714285714285,0.8571428571428572,0.7857142857142857,1.0,0.14285714285714302,0.14285714285714302,0.7857142857142856,0.35714285714285754,0.857142857142857,0.0,0.07142857142857151,0.21428571428571447,0.3571428571428571,0.7142857142857141,0.3571428571428571,0.21428571428571447,0.21428571428571447,0.7142857142857141,0.07142857142857151,0.28571428571428553,0.21428571428571447,0.3571428571428575,0.5000000000000004,0.21428571428571452,0.14285714285714302,0.07142857142857151,0.7857142857142857,0.21428571428571452,0.8571428571428572,0.07142857142857151,0.6428571428571426,0.571428571428572,0.6428571428571431,0.6428571428571426,0.5,0.28571428571428553,0.285714285714286,0.7142857142857141,0.21428571428571452,0.5000000000000001,0.42857142857142894,0.42857142857142894,0.9285714285714285,0.14285714285714302,0.21428571428571447,0.07142857142857151,0.14285714285714302,0.285714285714286,0.571428571428572,0.285714285714286,0.7857142857142856,0.28571428571428603,1.0,0.9285714285714285,0.14285714285714302,0.9285714285714285,0.9285714285714285,0.14285714285714302,0.5,0.7142857142857142,0.42857142857142905,0.35714285714285754,0.07142857142857151,0.9285714285714285,0.6428571428571435,0.21428571428571447,0.5714285714285715,0.35714285714285754,0.285714285714286,0.5000000000000001,0.714285714285715,0.35714285714285704,0.7142857142857141,1.0,1.0,0.5000000000000004,0.21428571428571452,0.7857142857142856,0.7142857142857142,0.14285714285714302,0.42857142857142855,0.28571428571428553,0.21428571428571452,0.7142857142857149,1.0,0.07142857142857151,0.42857142857142855,0.42857142857142855,0.35714285714285754,0.21428571428571447,0.14285714285714302,0.21428571428571447,0.14285714285714302,0.7142857142857141,0.28571428571428553,0.14285714285714302,0.8571428571428572,0.5,0.21428571428571447,0.42857142857142905,0.8571428571428572,1.0,0.7857142857142857,0.28571428571428603,0.07142857142857151,0.857142857142857,1.0,0.21428571428571447,0.28571428571428603,0.5,0.285714285714286,0.7857142857142856,0.9285714285714285,0.35714285714285754,0.35714285714285754,0.21428571428571452,0.6428571428571426,0.8571428571428572,0.714285714285715,0.5000000000000001,0.285714285714286,0.7142857142857142,0.285714285714286,0.285714285714286,0.9285714285714285
PMDB,1.0,0.826923076923077,0.17391304347826098,0.9591836734693879,0.9772727272727271,0.34848484848484823,0.234375,0.234375,0.2890625,0.6796875,0.7734375,0.40625,0.5234375,0.5390625,0.15625,0.15625,0.09375,0.8671875,0.1171875,0.8671875,0.171875,0.15625,0.796875,0.9140625,0.8984375,0.890625,0.1328125,0.1953125,0.2734375,0.2265625,0.21875,0.8515625,0.828125,0.7578125,0.8359375,0.2421875,0.125,0.171875,0.8671875,0.1796875,0.8046875,0.1640625,0.1171875,0.2578125,0.875,0.8359375,0.9375,0.0859375,0.9609375,0.2109375,0.890625,0.84375,0.1875,0.265625,0.1796875,0.84375,0.21875,0.3359375,0.7578125,0.8203125,0.8125,0.796875,0.1875,0.1875,0.796875,0.828125,0.765625,0.1953125,0.21428571428571447,0.16666666666666652,0.19047619047619052,0.150793650793651,0.126984126984127,0.5555555555555555,0.16666666666666652,0.8650793650793651,0.9126984126984125,0.9206349206349205,0.921875,0.1587301587301585,0.111111111111111,0.8412698412698415,0.1825396825396825,0.8174603174603174,0.1666666666666669,0.150793650793651,0.16666666666666652,0.1825396825396825,0.8412698412698411,0.14285714285714302,0.134920634920635,0.1984126984126985,0.753968253968254,0.16666666666666652,0.222222222222222,0.19047619047619052,0.253968253968254,0.2983870967741935,0.9354838709677414,0.9677419354838711,0.22580645161290303,0.814516129032258,0.8709677419354839,0.7661290322580645,0.1048387096774195,0.806451612903226,0.25806451612903253,0.774193548387097,0.7983870967741935,0.18548387096774202,0.153225806451613,0.225806451612903,0.419354838709677,0.8709677419354839,0.7822580645161294,0.225806451612903,0.3306451612903225,0.830645161290323,0.2096774193548385,0.532258064516129,0.0737704918032785,0.40983606557377034,0.286885245901639,0.8606557377049175,0.1803278688524588,0.8770491803278689,0.7950819672131145,0.737704918032787,0.7868852459016391,0.7540983606557375,0.7950819672131151,0.827868852459017,0.2295081967213115,0.426229508196721,0.581967213114754,0.7868852459016391,0.8196721311475406,0.19672131147540978,0.13934426229508212,0.7786885245901644,0.24590163934426232,0.827868852459016,0.7704918032786885,0.21311475409836084,0.2131147540983605,0.7459016393442619,0.6967213114754095,0.2950819672131149,0.8032786885245901,0.770491803278689,0.2295081967213116,0.5573770491803276,0.3360655737704918,0.4098360655737705,0.5163934426229515,0.4672131147540983,0.193548387096774,0.185483870967742,0.7661290322580645,0.770491803278688,0.23770491803278684,0.15573770491803282,0.24590163934426232,0.7950819672131151,0.27049180327868855,0.16666666666666652,0.15,0.24999999999999975,0.36666666666666703,0.48333333333333334,0.7166666666666666,0.3916666666666667,0.4083333333333335,0.2666666666666667,0.24166666666666647,0.8583333333333335,0.8000000000000006,0.8416666666666666,0.2,0.266666666666667,0.8416666666666666,0.7666666666666665,0.2666666666666667,0.7333333333333335,0.275,0.1833333333333332,0.7916666666666665,0.9166666666666665,0.816666666666667,0.816666666666667,0.841666666666667,0.14166666666666677,0.825,0.7249999999999993,0.20833333333333354,0.1583333333333335,0.2,0.19999999999999982,0.228813559322034,0.13934426229508212
PP,1.0,0.8076923076923078,0.172413793103448,0.967741935483871,1.0,0.47916666666666646,0.1382978723404257,0.2127659574468087,0.21276595744680848,0.776595744680851,0.840425531914894,0.22340425531914898,0.3723404255319145,0.3404255319148935,0.180851063829787,0.1489361702127662,0.0851063829787234,0.75531914893617,0.17021276595744672,0.7765957446808516,0.21276595744680848,0.23404255319148942,0.7872340425531914,0.8829787234042551,0.8191489361702131,0.819148936170213,0.1276595744680852,0.1914893617021277,0.22340425531914898,0.3191489361702129,0.2659574468085105,0.7659574468085107,0.787234042553191,0.7127659574468086,0.8085106382978725,0.23404255319148937,0.2127659574468085,0.1914893617021275,0.7659574468085104,0.25531914893617,0.7340425531914895,0.2021276595744679,0.2234042553191487,0.2659574468085105,0.8510638297872339,0.765957446808511,0.925531914893617,0.09574468085106388,0.8723404255319146,0.41489361702127653,0.7659574468085104,0.7978723404255319,0.39361702127659587,0.2127659574468085,0.22340425531914893,0.8191489361702124,0.1914893617021277,0.319148936170213,0.7872340425531914,0.8085106382978731,0.8297872340425528,0.75531914893617,0.2340425531914895,0.2127659574468085,0.7659574468085105,0.7659574468085105,0.7659574468085105,0.2127659574468084,0.1702127659574469,0.1914893617021275,0.22340425531914898,0.1702127659574469,0.11702127659574449,0.521276595744681,0.1170212765957449,0.8404255319148934,0.8297872340425536,0.9042553191489361,0.8617021276595751,0.09574468085106401,0.09574468085106401,0.8404255319148934,0.24468085106383,0.7659574468085105,0.1382978723404255,0.1595744680851065,0.2127659574468085,0.1595744680851065,0.7659574468085104,0.24468085106383,0.20212765957446802,0.3085106382978725,0.8404255319148934,0.1914893617021275,0.2340425531914895,0.14893617021276598,0.2340425531914895,0.326086956521739,0.9021739130434785,0.8586956521739135,0.19565217391304351,0.728260869565217,0.8478260869565214,0.8260869565217395,0.065217391304348,0.7500000000000004,0.2934782608695653,0.7282608695652171,0.739130434782609,0.2391304347826087,0.27173913043478276,0.2065217391304347,0.3695652173913045,0.8478260869565214,0.711111111111111,0.2111111111111112,0.32222222222222197,0.8555555555555554,0.17777777777777803,0.7,0.0777777777777777,0.4888888888888889,0.32222222222222224,0.7999999999999994,0.23333333333333353,0.8,0.8111111111111109,0.7777777777777779,0.7666666666666665,0.8333333333333336,0.8666666666666665,0.8444444444444446,0.277777777777778,0.7333333333333341,0.7666666666666659,0.6888888888888891,0.8666666666666669,0.1444444444444445,0.11111111111111122,0.7444444444444446,0.3000000000000002,0.7666666666666664,0.7000000000000005,0.20000000000000023,0.2444444444444442,0.7444444444444446,0.7111111111111109,0.2222222222222222,0.6000000000000005,0.5666666666666665,0.21111111111111092,0.6555555555555549,0.6555555555555556,0.311111111111111,0.7222222222222219,0.4111111111111113,0.2111111111111112,0.2777777777777779,0.6999999999999994,0.744444444444445,0.2666666666666664,0.1444444444444445,0.2777777777777779,0.8222222222222226,0.2666666666666664,0.43333333333333335,0.37777777777777766,0.26666666666666644,0.2888888888888889,0.4555555555555557,0.7222222222222224,0.3777777777777779,0.43478260869565205,0.28260869565217406,0.2934782608695652,0.8804347826086953,0.7608695652173915,0.793478260869565,0.2282608695652175,0.20652173913043498,0.7717391304347825,0.8804347826086953,0.28260869565217406,0.684782608695652,0.2282608695652174,0.15217391304347827,0.8043478260869565,0.8369565217391305,0.7499999999999996,0.7499999999999996,0.771739130434782,0.23913043478260854,0.8043478260869565,0.793478260869565,0.20652173913043498,0.19565217391304351,0.34782608695652195,0.26086956521739135,0.17391304347826098,0.11111111111111122
PPS,1.0,0.666666666666667,1.0,0.833333333333333,1.0,0.5,0.4375,0.5,0.5,0.375,0.9375,0.25,0.4375,0.1875,0.3125,0.0625,0.0625,0.75,0.0625,0.875,0.25,0.125,0.875,0.9375,1.0,1.0,0.0,0.0,0.111111111111111,0.222222222222222,0.125,0.666666666666667,0.444444444444444,0.8333333333333335,0.7222222222222224,0.222222222222222,0.33333333333333304,0.222222222222222,1.0,0.0625,0.75,0.125,0.111111111111111,0.4444444444444445,0.9444444444444445,0.777777777777778,0.27777777777777746,0.6111111111111115,0.9444444444444445,0.277777777777778,0.6111111111111115,0.722222222222222,0.16666666666666652,0.277777777777778,0.111111111111111,0.777777777777778,0.2777777777777775,0.16666666666666652,0.7777777777777779,0.9444444444444445,0.777777777777778,0.777777777777778,0.388888888888889,0.16666666666666652,0.777777777777778,0.8333333333333335,0.7222222222222225,0.222222222222222,0.15,0.25,0.05,0.2,0.1,0.55,0.0,1.0,1.0,0.45,1.0,0.1,0.1,0.85,0.15,0.9500000000000001,0.05,0.15,0.1,0.1,1.0,0.15,0.15,0.1,0.9,0.1,0.45,0.2,0.25,0.25,0.05,0.05,0.25,0.85,0.111111111111111,0.8888888888888888,0.0,0.9444444444444445,0.0555555555555555,0.8333333333333335,0.9444444444444445,0.111111111111111,0.16666666666666652,0.222222222222222,0.111111111111111,0.111111111111111,0.9444444444444445,0.222222222222222,0.3333333333333335,0.8888888888888888,0.666666666666667,0.6666666666666665,0.0555555555555555,0.0555555555555555,0.222222222222222,0.8888888888888888,0.16666666666666652,0.9444444444444445,0.1666666666666665,0.9444444444444445,0.8888888888888888,0.8888888888888888,0.8333333333333335,0.9444444444444445,0.222222222222222,0.5,0.7777777777777779,0.777777777777778,1.0,0.16666666666666652,0.8888888888888888,0.9444444444444445,0.2777777777777775,0.8888888888888888,0.111111111111111,0.111111111111111,0.222222222222222,0.777777777777778,0.27777777777777746,0.1666666666666665,0.3888888888888885,0.3888888888888885,0.0,0.222222222222222,0.3333333333333335,0.7777777777777779,0.222222222222222,0.38888888888888895,0.75,0.4,0.39999999999999997,0.777777777777778,0.277777777777778,0.111111111111111,0.111111111111111,0.777777777777778,0.277777777777778,0.111111111111111,0.111111111111111,0.3333333333333335,0.333333333333333,0.44444444444444453,0.2777777777777775,0.8888888888888888,0.44444444444444453,0.388888888888889,0.777777777777778,0.8333333333333335,0.3888888888888885,0.44444444444444403,0.222222222222222,0.16666666666666652,0.8888888888888888,0.8888888888888888,0.388888888888889,0.222222222222222,0.722222222222222,0.8333333333333335,0.9444444444444445,1.0,0.0555555555555555,0.0555555555555555,0.1666666666666665,0.7222222222222224,0.9444444444444445,0.44444444444444403,0.222222222222222,0.222222222222222,0.6111111111111115,0.16666666666666652,0.0555555555555555,0.8888888888888888
PR,1.0,0.7419354838709681,0.21666666666666667,0.9464285714285721,0.916666666666667,0.368421052631579,0.20512820512820493,0.2820512820512823,0.38461538461538436,0.6282051282051285,0.6794871794871795,0.34615384615384653,0.525641025641026,0.5256410256410255,0.37179487179487203,0.2820512820512825,0.294871794871795,0.666666666666667,0.17948717948717932,0.7051282051282051,0.30769230769230754,0.17948717948717932,0.6666666666666671,0.769230769230769,0.692307692307692,0.7179487179487185,0.2051282051282053,0.2179487179487179,0.282051282051282,0.256410256410257,0.2564102564102564,0.7692307692307696,0.679487179487179,0.743589743589743,0.6666666666666661,0.2307692307692309,0.34615384615384603,0.32051282051282054,0.6794871794871795,0.5,0.448717948717949,0.2307692307692306,0.2051282051282055,0.2564102564102566,0.8589743589743595,0.7948717948717945,0.8974358974358969,0.1410256410256411,0.7179487179487175,0.11538461538461552,0.756410256410256,0.871794871794872,0.1923076923076923,0.24358974358974353,0.19230769230769212,0.8076923076923075,0.17948717948717952,0.1794871794871796,0.7435897435897441,0.7820512820512825,0.7820512820512815,0.743589743589743,0.2051282051282053,0.2051282051282053,0.717948717948718,0.743589743589743,0.7307692307692306,0.2307692307692306,0.11538461538461509,0.21794871794871812,0.1923076923076925,0.2307692307692306,0.12820512820512803,0.589743589743589,0.1794871794871796,0.8974358974358976,0.8846153846153845,0.8589743589743595,0.9487179487179486,0.11538461538461509,0.1282051282051283,0.871794871794872,0.19230769230769212,0.7948717948717945,0.1410256410256411,0.2105263157894737,0.144736842105263,0.23684210526315772,0.7368421052631585,0.2105263157894737,0.1973684210526317,0.1578947368421052,0.6842105263157889,0.28947368421052644,0.23684210526315772,0.1973684210526317,0.1973684210526317,0.30263157894736814,0.9078947368421055,0.8421052631578949,0.17105263157894748,0.68421052631579,0.14473684210526327,0.789473684210526,0.0394736842105263,0.7368421052631575,0.19736842105263147,0.7236842105263159,0.723684210526316,0.2894736842105261,0.24999999999999986,0.2236842105263156,0.8947368421052635,0.14473684210526327,0.7631578947368414,0.1578947368421054,0.1578947368421055,0.9078947368421054,0.11842105263157901,0.7763157894736845,0.10526315789473689,0.1447368421052629,0.23684210526315821,0.7894736842105259,0.1710526315789472,0.8157894736842111,0.1184210526315789,0.8947368421052635,0.8421052631578951,0.9078947368421054,0.9473684210526313,0.9342105263157896,0.09210526315789448,0.5131578947368419,0.9473684210526312,0.289473684210526,0.8684210526315784,0.09210526315789448,0.1315789473684211,0.855263157894737,0.3421052631578946,0.7894736842105259,0.6447368421052624,0.2105263157894736,0.22368421052631568,0.355263157894737,0.56578947368421,0.31578947368421095,0.513157894736842,0.9078947368421055,0.23684210526315752,0.46052631578947345,0.592105263157895,0.5394736842105265,0.2631578947368415,0.4459459459459455,0.2702702702702705,0.2297297297297296,0.675675675675675,0.72972972972973,0.20270270270270252,0.1756756756756755,0.25675675675675663,0.7432432432432434,0.25675675675675663,0.25675675675675647,0.135135135135135,0.216216216216216,0.2837837837837835,0.44594594594594605,0.675675675675676,0.3783783783783785,0.35135135135135154,0.25675675675675647,0.2297297297297296,0.8918918918918921,0.810810810810811,0.8513513513513515,0.162162162162162,0.216216216216216,0.8783783783783785,0.8243243243243243,0.25675675675675647,0.567567567567567,0.3378378378378375,0.27027027027027,0.864864864864865,0.9189189189189191,0.6891891891891895,0.6891891891891895,0.72972972972973,0.3378378378378375,0.810810810810811,0.72972972972973,0.162162162162162,0.1756756756756756,0.39189189189189155,0.2702702702702701,0.25675675675675663,0.1315789473684211
PRB,1.0,0.9473684210526321,0.882352941176471,1.0,1.0,0.277777777777778,0.1874999999999998,0.22916666666666652,0.3124999999999998,0.7500000000000004,0.6249999999999994,0.6874999999999996,0.5833333333333335,0.6458333333333329,0.22916666666666669,0.16666666666666652,0.1875,0.7500000000000007,0.25,0.6666666666666671,0.22916666666666646,0.22916666666666646,0.6666666666666671,0.8124999999999996,0.7708333333333335,0.7916666666666665,0.2708333333333335,0.2500000000000002,0.2391304347826087,0.28260869565217395,0.26086956521739146,0.7391304347826085,0.6739130434782605,0.6739130434782605,0.7391304347826084,0.23913043478260904,0.2608695652173915,0.2608695652173915,0.6739130434782605,0.3260869565217395,0.6304347826086956,0.36956521739130443,0.17391304347826098,0.3043478260869565,0.652173913043478,0.7391304347826085,0.7173913043478259,0.08695652173913049,0.804347826086956,0.26086956521739146,0.8043478260869571,0.8478260869565215,0.2826086956521737,0.23913043478260854,0.21739130434782603,0.739130434782609,0.23913043478260854,0.3695652173913042,0.630434782608696,0.739130434782609,0.782608695652174,0.673913043478261,0.4130434782608694,0.23913043478260854,0.8478260869565215,0.8260869565217386,0.7608695652173916,0.2391304347826087,0.1521739130434785,0.19565217391304351,0.26086956521739146,0.2391304347826089,0.1304347826086955,0.5,0.1304347826086955,0.9130434782608695,0.8260869565217396,0.7391304347826082,0.9782608695652176,0.282608695652174,0.1521739130434785,0.7826086956521741,0.21739130434782603,0.7608695652173915,0.19565217391304351,0.19565217391304368,0.1521739130434785,0.21739130434782616,0.739130434782609,0.19565217391304368,0.1739130434782607,0.21739130434782616,0.891304347826087,0.1521739130434785,0.19565217391304351,0.08695652173913049,0.17391304347826098,0.36363636363636354,0.9090909090909091,0.8409090909090909,0.18181818181818202,0.6818181818181825,0.09090909090909101,0.22727272727272751,0.09090909090909101,0.8636363636363635,0.2045454545454545,0.8181818181818179,0.772727272727273,0.20454545454545447,0.22727272727272751,0.27272727272727293,0.659090909090909,0.09090909090909101,0.7954545454545449,0.2045454545454545,0.2954545454545455,0.9090909090909091,0.15909090909090898,0.6363636363636359,0.068181818181818,0.09090909090909101,0.2954545454545455,0.75,0.20454545454545447,0.772727272727273,0.15909090909090898,0.8181818181818179,0.7954545454545455,0.8636363636363635,0.8181818181818179,0.8181818181818179,0.2045454545454545,0.5227272727272725,0.7954545454545449,0.613636363636364,0.8863636363636365,0.20454545454545442,0.159090909090909,0.6818181818181825,0.25,0.8181818181818185,0.7954545454545455,0.159090909090909,0.18181818181818202,0.75,0.2727272727272725,0.431818181818182,0.8181818181818185,0.8636363636363635,0.2727272727272725,0.11363636363636351,0.5909090909090904,0.8409090909090909,0.18181818181818202,0.43181818181818143,0.181818181818182,0.20454545454545447,0.7727272727272724,0.5,0.15909090909090898,0.25,0.25,0.659090909090909,0.25,0.0,0.2045454545454545,0.18181818181818202,0.3863636363636364,0.43181818181818205,0.6818181818181825,0.5454545454545455,0.36363636363636354,0.2954545454545455,0.4545454545454545,0.8863636363636365,0.8181818181818179,0.7954545454545455,0.2954545454545455,0.25,0.8409090909090909,0.8863636363636365,0.2954545454545455,0.6363636363636365,0.2272727272727274,0.15909090909090898,0.7954545454545455,0.7727272727272725,0.7272727272727275,0.7272727272727275,0.659090909090909,0.2499999999999995,0.7727272727272725,0.6590909090909095,0.2045454545454545,0.15909090909090898,0.295454545454545,0.15909090909090898,0.2045454545454545,0.159090909090909
PROS,1.0,0.8,1.0,1.0,1.0,0.5,0.3,0.4,0.30000000000000004,0.4,0.7,0.5,0.5,0.4,0.2,0.30000000000000004,0.30000000000000004,0.6000000000000001,0.4,0.8,0.3,0.4,0.7,0.5,0.6,0.6000000000000001,0.1,0.2,0.1,0.4,0.4,0.2,0.5,0.6000000000000001,0.4,0.5,0.30000000000000004,0.30000000000000004,0.8,0.5,0.4,0.30000000000000004,0.1,0.3,0.6000000000000001,0.8,0.8,0.0,0.8,0.3,0.8,0.9,0.1,0.3,0.2,0.8,0.1,0.2,0.8,0.8,0.9,0.9,0.2,0.1,0.9,0.9,0.8,0.1,0.2,0.2,0.2,0.3,0.1,0.5,0.1,0.75,0.75,0.5,0.875,0.125,0.125,0.75,0.125,0.875,0.125,0.125,0.125,0.375,0.625,0.125,0.125,0.25,0.625,0.25,0.25,0.25,0.125,0.25,0.9,0.5,0.1,0.625,0.2,0.6000000000000001,0.0,0.6000000000000001,0.4,0.6000000000000001,0.6000000000000001,0.4,0.4,0.4,0.6000000000000001,0.2,0.5,0.30000000000000004,0.3333333333333335,0.833333333333333,0.41666666666666696,0.49999999999999956,0.166666666666667,0.0,0.5,0.6666666666666665,0.41666666666666696,0.7500000000000004,0.33333333333333304,0.7500000000000004,0.7500000000000004,0.833333333333333,0.8333333333333335,0.6666666666666665,0.25,0.25,0.833333333333333,0.7500000000000004,0.7500000000000004,0.0833333333333335,0.7500000000000004,0.6666666666666665,0.3333333333333335,0.7500000000000004,0.5833333333333335,0.3333333333333335,0.2500000000000005,0.6666666666666665,0.5,0.2500000000000005,1.0,1.0,0.0833333333333335,0.0,0.16666666666666652,1.0,0.0,0.2500000000000005,0.166666666666667,0.166666666666667,0.49999999999999956,0.9166666666666665,0.0833333333333335,0.2500000000000005,0.3333333333333335,0.7500000000000004,0.3333333333333335,0.2500000000000005,0.25,0.0833333333333335,0.4166666666666665,0.4166666666666665,0.4166666666666665,0.6666666666666665,0.3333333333333335,0.16666666666666652,0.49999999999999956,0.9166666666666665,1.0,0.75,0.0833333333333335,0.2500000000000005,0.9166666666666665,1.0,0.16666666666666652,0.583333333333333,0.2500000000000005,0.3333333333333335,0.9166666666666665,0.9166666666666665,0.5833333333333335,0.5833333333333335,0.5833333333333335,0.3333333333333335,1.0,0.6666666666666665,0.0833333333333335,0.4166666666666665,0.4166666666666665,0.2500000000000005,0.3333333333333335,0.7500000000000004
PRP,1.0,1.0,0.0,1.0,1.0,0.0,0.0,0.0,0.0,1.0,1.0,1.0,1.0,1.0,0.0,0.0,0.0,1.0,0.5,0.5,0.5,0.5,0.5,0.0,0.0,1.0,0.0,0.0,0.5,0.0,0.0,1.0,1.0,1.0,1.0,0.0,0.0,0.0,1.0,0.0,1.0,0.5,0.0,0.5,1.0,0.5,1.0,0.0,1.0,0.0,1.0,1.0,0.0,0.0,0.5,0.5,0.5,0.5,0.5,0.5,1.0,0.5,0.0,0.0,1.0,1.0,1.0,0.0,0.0,0.0,0.5,0.0,0.0,0.5,0.0,1.0,1.0,1.0,1.0,0.0,0.0,1.0,0.0,1.0,0.0,0.0,0.5,0.0,1.0,0.0,0.0,0.0,1.0,0.0,0.0,0.0,0.5,0.5,1.0,1.0,1.0,1.0,1.0,1.0,0.0,1.0,0.0,1.0,1.0,0.0,0.0,0.0,1.0,1.0,0.5,0.0,0.0,1.0,0.0,0.5,0.0,1.0,0.5,1.0,0.0,1.0,1.0,1.0,1.0,1.0,1.0,1.0,0.0,1.0,1.0,0.0,1.0,0.0,0.0,1.0,0.5,0.5,1.0,0.0,0.0,1.0,1.0,0.5,1.0,1.0,0.0,1.0,0.5,0.0,1.0,0.5,0.5,0.0,0.5,0.5,0.5,0.5,0.5,0.5,0.5,0.5,0.5,0.5,0.5,0.5,1.0,0.0,0.5,0.5,0.0,0.5,1.0,1.0,0.0,1.0,1.0,1.0,0.5,1.0,0.0,0.0,1.0,1.0,1.0,1.0,1.0,0.0,1.0,0.5,0.5,0.5,0.0,0.5,0.5,0.0
PSB,1.0,0.8448275862068969,0.7619047619047621,1.0,1.0,0.368421052631579,0.29999999999999954,0.35714285714285704,0.3285714285714285,0.5428571428571429,0.7571428571428573,0.8571428571428571,0.485714285714286,0.5142857142857145,0.45714285714285746,0.4000000000000005,0.4000000000000005,0.6285714285714283,0.2571428571428575,0.5571428571428566,0.4428571428571425,0.30000000000000004,0.528571428571428,0.5428571428571425,0.5285714285714289,0.4857142857142856,0.27142857142857185,0.3428571428571425,0.38235294117647045,0.5000000000000006,0.4558823529411761,0.4705882352941175,0.4705882352941174,0.5735294117647054,0.5000000000000006,0.4411764705882349,0.41176470588235303,0.529411764705883,0.5142857142857145,0.557142857142857,0.4142857142857145,0.38571428571428545,0.4571428571428565,0.371428571428571,0.571428571428571,0.7999999999999997,0.9428571428571427,0.05714285714285715,0.5285714285714289,0.18571428571428553,0.571428571428571,0.842857142857143,0.414285714285714,0.24285714285714302,0.28571428571428564,0.6571428571428575,0.30000000000000004,0.35714285714285715,0.685714285714286,0.6571428571428575,0.7,0.6714285714285716,0.31428571428571406,0.3571428571428565,0.771428571428572,0.6857142857142859,0.6857142857142854,0.2142857142857142,0.2857142857142857,0.2285714285714286,0.30000000000000016,0.3142857142857145,0.3714285714285715,0.5138888888888891,0.3428571428571424,0.9166666666666664,0.9166666666666664,0.9027777777777776,0.9583333333333336,0.243243243243243,0.22972972972972952,0.756756756756757,0.2702702702702701,0.6756756756756761,0.1891891891891891,0.2837837837837836,0.20270270270270263,0.2432432432432431,0.4459459459459455,0.2027027027027025,0.2972972972972971,0.1891891891891891,0.7500000000000004,0.23611111111111133,0.1944444444444443,0.30555555555555564,0.3055555555555553,0.30555555555555547,0.9305555555555557,0.7638888888888885,0.22222222222222227,0.555555555555556,0.5138888888888886,0.805555555555556,0.04166666666666665,0.6388888888888885,0.333333333333333,0.6666666666666665,0.5555555555555555,0.3888888888888885,0.31944444444444453,0.347222222222222,0.694444444444444,0.5138888888888886,0.6527777777777771,0.3194444444444443,0.33333333333333326,0.819444444444445,0.22222222222222227,0.347222222222222,0.09722222222222231,0.3055555555555549,0.47222222222222254,0.6111111111111115,0.3472222222222221,0.6388888888888891,0.3611111111111115,0.819444444444445,0.8749999999999999,0.49999999999999994,0.819444444444445,0.902777777777778,0.20833333333333354,0.4305555555555556,0.6805555555555555,0.37499999999999944,0.6111111111111115,0.09722222222222197,0.388888888888889,0.680555555555556,0.4583333333333335,0.6388888888888891,0.2083333333333335,0.38888888888888884,0.18055555555555527,0.6250000000000007,0.29166666666666696,0.6527777777777776,0.7499999999999994,0.763888888888889,0.2222222222222225,0.44444444444444453,0.555555555555555,0.680555555555555,0.27777777777777746,0.402777777777778,0.4861111111111115,0.38888888888888884,0.597222222222222,0.757142857142857,0.17142857142857149,0.42857142857142855,0.1857142857142856,0.7285714285714281,0.31428571428571406,0.257142857142857,0.111111111111111,0.29411764705882343,0.6666666666666665,0.34848484848484823,0.2121212121212119,0.696969696969697,0.484848484848485,0.378787878787879,0.30303030303030287,0.8333333333333335,0.8030303030303024,0.803030303030303,0.196969696969697,0.21212121212121232,0.8333333333333335,0.8636363636363635,0.378787878787879,0.2727272727272725,0.4393939393939391,0.45454545454545436,0.8333333333333335,0.8939393939393939,0.1515151515151513,0.1515151515151513,0.1515151515151513,0.5303030303030303,0.5757575757575755,0.5151515151515152,0.378787878787879,0.2878787878787875,0.8181818181818181,0.39393939393939403,0.421875,0.388888888888889
PSC,1.0,0.625,0.125,1.0,0.9375,0.375,0.3,0.30000000000000004,0.25,0.7,0.45,0.65,0.25,0.2,0.25,0.45,0.4,0.7,0.30000000000000004,0.65,0.35,0.35,0.65,0.6,0.6,0.6,0.4,0.3,0.2,0.35,0.25,0.8,0.8,0.7,0.8,0.2,0.1,0.2,0.75,0.6,0.35,0.25,0.4,0.25,0.8500000000000001,0.8,0.7999999999999999,0.15000000000000002,0.55,0.2,0.55,0.9,0.30000000000000004,0.3,0.1,0.9,0.15,0.15,0.85,0.9500000000000001,0.85,0.8,0.1,0.15,0.75,0.85,0.85,0.2,0.2,0.15,0.2,0.15,0.2,0.6000000000000001,0.15,0.9,1.0,0.8500000000000001,0.9,0.3,0.25,0.7,0.35,0.7,0.25,0.05,0.1,0.2,0.7,0.05,0.15,0.1,0.9,0.2,0.25,0.1,0.25,0.4,0.5,0.45,0.45,0.8,0.2,0.85,0.05,0.9500000000000001,0.15,0.85,0.9,0.2,0.05,0.25,0.9,0.2,0.8500000000000001,0.1,0.15,0.9,0.1,0.6,0.05,0.2,0.4,0.6,0.15,0.8,0.5,0.9500000000000001,0.7999999999999999,0.8,0.8500000000000001,0.9500000000000001,0.1,0.5,0.4,0.75,0.9,0.1,0.15000000000000002,0.65,0.2,0.75,0.7,0.15000000000000002,0.15,0.7,0.30000000000000004,0.5,0.9500000000000001,0.9500000000000001,0.30000000000000004,0.4,0.5,0.6,0.30000000000000004,0.4,0.2,0.45,0.44999999999999996,0.75,0.25,0.15000000000000002,0.44999999999999996,0.75,0.35,0.27272727272727293,0.27272727272727293,0.18181818181818202,0.4090909090909095,0.409090909090909,0.8181818181818181,0.4090909090909095,0.36363636363636354,0.31818181818181795,0.27272727272727293,0.8181818181818179,0.9090909090909091,0.9090909090909091,0.18181818181818202,0.04545454545454545,0.9090909090909091,0.7272727272727275,0.31818181818181795,0.6818181818181813,0.363636363636364,0.45454545454545503,0.8181818181818179,0.9090909090909091,0.6818181818181813,0.6818181818181813,0.7272727272727271,0.363636363636364,0.9545454545454545,0.7727272727272724,0.1363636363636365,0.1363636363636365,0.31818181818181845,0.1818181818181819,0.2272727272727274,0.15000000000000002
PSD,1.0,0.765625,0.19565217391304357,0.961538461538462,0.9642857142857142,0.2391304347826087,0.0945945945945945,0.1756756756756755,0.2027027027027025,0.7432432432432434,0.8513513513513516,0.8243243243243246,0.5540540540540535,0.432432432432432,0.20270270270270258,0.21621621621621612,0.135135135135135,0.810810810810811,0.2027027027027025,0.756756756756757,0.3648648648648651,0.2297297297297295,0.810810810810811,0.8918918918918921,0.8783783783783785,0.783783783783784,0.1756756756756755,0.2027027027027025,0.2702702702702705,0.22972972972972952,0.2432432432432431,0.8243243243243247,0.7702702702702704,0.702702702702703,0.783783783783784,0.1756756756756756,0.1756756756756756,0.189189189189189,0.837837837837838,0.20270270270270252,0.7162162162162166,0.162162162162162,0.29729729729729704,0.3108108108108106,0.7702702702702704,0.6891891891891885,0.9054054054054055,0.1216216216216216,0.8243243243243247,0.1756756756756755,0.8243243243243246,0.9189189189189191,0.1756756756756756,0.20270270270270252,0.25675675675675647,0.756756756756757,0.189189189189189,0.337837837837838,0.8108108108108111,0.8513513513513515,0.9054054054054055,0.8243243243243243,0.2297297297297296,0.189189189189189,0.810810810810811,0.8513513513513515,0.8108108108108111,0.1756756756756755,0.20270270270270252,0.2027027027027025,0.162162162162162,0.1756756756756755,0.189189189189189,0.5135135135135135,0.1891891891891891,0.783783783783784,0.783783783783784,0.837837837837838,0.8783783783783786,0.135135135135135,0.0945945945945945,0.8108108108108111,0.189189189189189,0.7702702702702705,0.1486486486486485,0.216216216216216,0.189189189189189,0.162162162162162,0.5810810810810805,0.1756756756756755,0.20270270270270252,0.189189189189189,0.7972972972972975,0.189189189189189,0.1486486486486485,0.20270270270270252,0.131578947368421,0.30263157894736853,0.8684210526315784,0.8947368421052635,0.17105263157894748,0.6315789473684215,0.9054054054054056,0.8108108108108111,0.054054054054054,0.8513513513513515,0.0675675675675675,0.8108108108108111,0.756756756756757,0.2432432432432431,0.108108108108108,0.216216216216216,0.8243243243243243,0.9054054054054056,0.7972972972972976,0.189189189189189,0.22972972972972952,0.891891891891892,0.108108108108108,0.7027027027027031,0.10256410256410259,0.41025641025641,0.3378378378378375,0.8717948717948715,0.14864864864864852,0.8461538461538465,0.8205128205128209,0.7948717948717945,0.8076923076923076,0.7948717948717946,0.846153846153846,0.871794871794872,0.17948717948717952,0.6794871794871795,0.7051282051282045,0.8205128205128205,0.8205128205128206,0.11538461538461552,0.1410256410256408,0.7820512820512825,0.3205128205128206,0.833333333333333,0.6410256410256405,0.21794871794871812,0.16666666666666652,0.7307692307692311,0.5512820512820515,0.4230769230769236,0.4743589743589745,0.6538461538461535,0.1923076923076924,0.615384615384615,0.39743589743589736,0.4487179487179485,0.5897435897435895,0.33333333333333337,0.2307692307692308,0.1923076923076923,0.8076923076923076,0.6973684210526321,0.1842105263157895,0.17948717948717952,0.23684210526315788,0.789473684210526,0.23684210526315788,0.23684210526315772,0.1842105263157895,0.2105263157894735,0.40789473684210553,0.4473684210526314,0.618421052631579,0.44736842105263097,0.4210526315789475,0.2894736842105265,0.3026315789473685,0.7894736842105265,0.7763157894736845,0.8421052631578951,0.17105263157894748,0.618421052631579,0.8552631578947372,0.868421052631579,0.2894736842105265,0.618421052631579,0.27631578947368446,0.23684210526315788,0.8421052631578945,0.881578947368421,0.7236842105263155,0.7236842105263155,0.6315789473684209,0.39473684210526294,0.776315789473684,0.8026315789473685,0.27631578947368396,0.1842105263157895,0.42105263157894746,0.3026315789473685,0.2500000000000002,0.1410256410256408
PSDB,0.9756097560975612,0.6785714285714288,0.11764705882352902,0.970588235294118,0.9852941176470592,0.44642857142857134,0.1382978723404255,0.1382978723404255,0.1702127659574469,0.7234042553191485,0.9148936170212766,0.1595744680851064,0.25531914893617047,0.265957446808511,0.14893617021276592,0.1063829787234044,0.1063829787234044,0.829787234042553,0.14893617021276598,0.8617021276595747,0.1595744680851065,0.22340425531914898,0.8723404255319149,0.9148936170212766,0.9042553191489361,0.9042553191489361,0.07446808510638299,0.170212765957447,0.24468085106383,0.14893617021276592,0.1808510638297874,0.9468085106382982,0.8829787234042551,0.8617021276595747,0.8723404255319146,0.1063829787234044,0.0638297872340425,0.053191489361701996,0.9361702127659575,0.11702127659574468,0.8510638297872346,0.14893617021276598,0.31521739130434745,0.2282608695652175,0.8586956521739124,0.8510638297872339,0.797872340425532,0.1702127659574465,0.9361702127659578,0.127659574468085,0.8191489361702133,0.8936170212765966,0.170212765957447,0.20212765957446802,0.170212765957447,0.9042553191489361,0.1382978723404255,0.29787234042553196,0.8404255319148936,0.7553191489361699,0.829787234042553,0.75531914893617,0.1914893617021279,0.14893617021276598,0.7872340425531914,0.8404255319148934,0.829787234042553,0.180851063829787,0.141304347826087,0.1304347826086955,0.141304347826087,0.13043478260869562,0.1304347826086955,0.5978260869565215,0.4130434782608695,0.8478260869565215,0.8913043478260875,0.8152173913043474,0.7608695652173915,0.19565217391304351,0.0978260869565215,0.8043478260869565,0.21739130434782603,0.8043478260869565,0.10869565217391301,0.0978260869565215,0.10869565217391301,0.10869565217391301,0.282608695652174,0.1521739130434785,0.17391304347826098,0.18478260869565197,0.826086956521739,0.1630434782608695,0.10869565217391301,0.141304347826087,0.1304347826086955,0.23913043478260854,0.8913043478260873,0.9130434782608701,0.21739130434782603,0.8043478260869571,0.7717391304347825,0.75,0.09782608695652159,0.8804347826086956,0.15217391304347827,0.8369565217391305,0.7934782608695656,0.21739130434782616,0.10869565217391301,0.1521739130434781,0.826086956521739,0.7717391304347825,0.8369565217391305,0.2173913043478261,0.293478260869565,0.8695652173913047,0.1847826086956521,0.6847826086956524,0.08888888888888902,0.4000000000000002,0.277777777777778,0.7777777777777775,0.1444444444444445,0.8,0.6444444444444445,0.877777777777778,0.377777777777778,0.8555555555555558,0.877777777777778,0.9111111111111111,0.17777777777777803,0.255555555555556,0.8222222222222224,0.855555555555556,0.7222222222222219,0.1444444444444444,0.1444444444444444,0.8333333333333335,0.27777777777777773,0.7555555555555555,0.4111111111111105,0.2555555555555557,0.16666666666666652,0.7666666666666669,0.5222222222222225,0.30000000000000004,0.6666666666666671,0.6888888888888889,0.2111111111111109,0.23333333333333353,0.27777777777777773,0.7333333333333335,0.25555555555555604,0.4777777777777775,0.27272727272727304,0.4772727272727275,0.5340909090909091,0.7065217391304345,0.25,0.1555555555555555,0.326086956521739,0.8695652173913047,0.2282608695652175,0.18478260869565197,0.19565217391304351,0.26086956521739146,0.2934782608695653,0.4130434782608696,0.6956521739130435,0.46739130434782605,0.39130434782608703,0.2717391304347826,0.141304347826087,0.9021739130434785,0.8695652173913039,0.8586956521739135,0.17391304347826098,0.22826086956521752,0.8586956521739135,0.8695652173913039,0.2717391304347826,0.7173913043478266,0.728260869565217,0.1630434782608696,0.8478260869565215,0.9021739130434785,0.782608695652174,0.782608695652174,0.8586956521739135,0.2282608695652173,0.8152173913043481,0.619565217391304,0.26086956521739146,0.21739130434782603,0.282608695652174,0.1521739130434785,0.14893617021276598,0.1444444444444444
PSL,1.0,0.75,0.0,1.0,1.0,0.0,0.0,0.25,0.5,0.5,1.0,0.5,0.75,1.0,0.25,0.0,0.0,0.75,0.25,1.0,0.0,0.5,0.75,0.5,0.75,0.75,0.25,0.25,0.25,0.25,0.25,0.5,0.75,0.75,0.5,0.0,0.25,0.5,1.0,0.25,0.25,0.0,0.0,0.5,0.5,0.75,1.0,0.25,1.0,0.0,1.0,1.0,0.25,0.25,0.0,1.0,0.25,0.5,1.0,0.75,0.75,0.75,0.5,0.0,0.75,1.0,1.0,0.25,0.25,0.25,0.0,0.25,0.25,0.25,0.0,0.75,1.0,1.0,1.0,0.25,0.0,0.75,0.0,1.0,0.5,0.0,0.0,0.25,0.75,0.0,0.5,0.5,0.75,0.25,0.5,0.0,0.5,0.5,0.8333333333333335,0.8333333333333335,0.3333333333333335,0.8333333333333335,0.8333333333333335,0.6666666666666665,0.16666666666666652,0.6666666666666665,0.3333333333333335,0.6666666666666665,0.6666666666666665,0.16666666666666652,0.3333333333333335,0.3333333333333335,0.3333333333333335,0.8333333333333335,0.6666666666666665,0.3333333333333335,0.3333333333333335,0.8333333333333335,0.3333333333333335,0.6666666666666665,0.3333333333333335,0.16666666666666652,0.3333333333333335,0.8333333333333335,0.3333333333333335,0.6666666666666665,0.16666666666666652,1.0,0.8333333333333335,0.8333333333333335,1.0,0.666666666666667,0.0,0.5,0.8333333333333335,0.8333333333333335,1.0,0.0,0.666666666666667,0.8333333333333335,0.16666666666666652,0.6666666666666665,0.49999999999999956,0.16666666666666652,0.3333333333333335,0.6666666666666665,0.8333333333333335,0.16666666666666652,0.6666666666666665,0.5,0.49999999999999956,0.3333333333333335,0.3333333333333335,0.8333333333333335,0.16666666666666652,0.3333333333333335,0.25,0.0,1.0,1.0,0.16666666666666652,0.16666666666666652,0.33333333333333304,1.0,0.49999999999999956,0.16666666666666652,0.16666666666666652,0.16666666666666652,0.6666666666666665,0.3333333333333335,0.3333333333333335,0.33333333333333304,0.16666666666666652,0.3333333333333335,0.5,0.6666666666666665,0.8333333333333335,0.8333333333333335,0.16666666666666652,0.16666666666666652,0.6666666666666665,0.6666666666666665,0.3333333333333335,0.8333333333333335,0.16666666666666652,0.16666666666666652,0.6666666666666665,0.6666666666666665,0.8333333333333335,0.8333333333333335,0.8333333333333335,0.16666666666666652,0.6666666666666665,0.6666666666666665,0.3333333333333335,0.3333333333333335,0.8333333333333335,0.16666666666666652,0.0,0.666666666666667
PSOL,1.0,0.0,0.8,0.0,1.0,0.5,0.5,0.5,0.5,0.0,0.0,0.9166666666666665,1.0,1.0,0.5,0.5,0.5,0.5,0.5,0.5,0.5,0.5,0.5,0.3333333333333335,0.16666666666666652,0.0,0.5,0.5,0.5,0.5,0.5,0.0,0.0,0.0,0.0,0.5,1.0,1.0,0.25,0.9166666666666665,0.0833333333333335,0.5,0.5833333333333335,0.5,0.5,0.0833333333333335,0.0,1.0,0.5,0.5,0.5,0.5833333333333335,0.5,0.5833333333333335,0.5,0.5,0.5,0.5,0.5,0.5,0.5,0.5833333333333339,0.5,0.5,0.5,0.5,0.5,0.5,0.5,0.5,0.5,0.5,0.5,0.5,0.5,0.0,0.4166666666666665,0.0,1.0,0.5,0.5,0.5,0.5,0.5,0.5,0.5,0.5,0.5,0.5,0.5,0.5,0.5,0.5,0.5,0.5,0.5,0.5,0.5,0.0,0.0,0.5,0.0,0.0,0.0,0.0,0.5,0.5,0.5,0.5,0.5,0.5,0.5,1.0,0.0,0.5,0.5,1.0,0.0,0.9166666666666665,0.5,0.5,0.0,0.5,0.0,0.5,0.5,0.0,0.0,0.0,0.0,1.0,0.0,0.0,0.0,0.0,0.0,0.0,1.0,1.0,0.0,1.0,0.0,0.0,0.5,0.5,0.5,0.0,1.0,0.0,0.0,0.0,0.0,0.0,1.0,0.0,0.5,0.5,0.5,0.5,0.9166666666666665,0.5,0.5,0.5,0.0833333333333335,0.5,0.5,0.5,0.5,1.0,0.5,0.0,1.0,0.5,0.5,1.0,0.5,1.0,1.0,0.25,0.0833333333333335,0.0833333333333335,1.0,0.5,0.0,0.9166666666666665,0.5,0.6666666666666665,0.8333333333333335,0.16666666666666652,0.16666666666666652,0.16666666666666652,0.8333333333333335,0.5,0.5,0.5,0.5,0.5,0.5,0.5,1.0
PT,1.0,0.49107142857142855,1.0,0.0425531914893617,0.98,0.4390243902439025,0.5258620689655171,0.5344827586206897,0.5172413793103446,0.03448275862068965,0.12068965517241376,0.956896551724138,0.9224137931034478,0.9827586206896549,0.5086206896551724,0.5086206896551724,0.4999999999999999,0.5,0.5,0.4482758620689655,0.5086206896551723,0.5,0.5,0.5,0.387931034482759,0.12931034482758605,0.5,0.5,0.6120689655172415,0.5,0.5000000000000001,0.01724137931034485,0.04310344827586205,0.0775862068965515,0.03448275862068965,0.5086206896551723,0.9482758620689653,0.9396551724137929,0.060344827586206996,0.9051724137931035,0.12931034482758602,0.5086206896551723,0.5862068965517235,0.8620689655172413,0.10344827586206914,0.0689655172413795,0.5775862068965515,0.37931034482758597,0.27586206896551696,0.336206896551724,0.439655172413793,0.6982758620689655,0.5,0.1896551724137933,0.4913793103448275,0.4999999999999998,0.5172413793103446,0.5948275862068965,0.4999999999999998,0.5086206896551728,0.3534482758620692,0.37931034482758597,0.5775862068965509,0.5,0.5086206896551723,0.37068965517241376,0.49999999999999994,0.5,0.5,0.525862068965517,0.5431034482758621,0.560344827586207,0.5000000000000001,0.5,0.5,0.8275862068965516,0.801724137931035,0.6810344827586206,0.9396551724137929,0.5086206896551723,0.5000000000000002,0.5,0.5,0.4999999999999999,0.5,0.5086206896551728,0.49999999999999994,0.49999999999999994,0.4913793103448275,0.5,0.5,0.5,0.5,0.49999999999999994,0.5,0.5,0.49999999999999994,0.5,0.9482758620689655,0.8706896551724141,0.49999999999999994,0.146551724137931,0.03448275862068965,0.13793103448275879,0.0517241379310345,0.5,0.4913793103448274,0.4913793103448275,0.5,0.5,0.5,0.5,0.879310344827586,0.03448275862068965,0.49999999999999994,0.5,0.18965517241379298,0.9224137931034484,0.12068965517241399,0.13793103448275848,0.0517241379310345,0.3275862068965515,0.49999999999999994,0.5,0.5086206896551723,0.4913793103448275,0.02586206896551725,0.9310344827586204,0.8793103448275865,0.04310344827586205,0.8879310344827587,0.8448275862068966,0.1293103448275863,0.46551724137930994,0.9310344827586204,0.0689655172413795,0.0526315789473684,0.0964912280701755,0.8859649122807021,0.192982456140351,0.763157894736842,0.1140350877192983,0.0789473684210528,0.5,0.18421052631578938,0.16666666666666682,0.0964912280701755,0.868421052631579,0.701754385964912,0.21052631578947398,0.5526315789473686,0.9736842105263163,0.087719298245614,0.13157894736842102,0.9473684210526313,0.5263157894736838,0.5175438596491231,0.5789473684210525,0.342105263157895,0.8947368421052629,0.1403508771929823,0.5,0.8421052631578945,0.0789473684210525,0.8947368421052628,0.4912280701754385,0.5,0.7719298245614036,0.8596491228070176,0.5,0.1315789473684208,0.868421052631579,0.49122807017543846,0.4912280701754385,0.9210526315789476,0.9122807017543859,0.9035087719298245,0.9035087719298245,0.14912280701754402,0.17543859649122817,0.929824561403509,0.8947368421052628,0.4912280701754385,0.0350877192982456,0.5175438596491225,0.4999999999999998,0.9035087719298245,0.9473684210526313,0.07017543859649099,0.07017543859649099,0.043859649122807,0.8333333333333335,0.8333333333333329,0.114035087719298,0.2105263157894739,0.4736842105263155,0.9385964912280701,0.5,0.4824561403508768,0.8859649122807021
PTB,1.0,0.8461538461538459,0.272727272727273,0.8500000000000001,1.0,0.25,0.147058823529412,0.264705882352941,0.3235294117647055,0.6764705882352939,0.9117647058823534,0.588235294117647,0.470588235294118,0.35294117647058854,0.20588235294117668,0.26470588235294096,0.23529411764705854,0.8529411764705879,0.23529411764705865,0.8235294117647066,0.11764705882352951,0.2647058823529412,0.794117647058824,0.8235294117647066,0.8235294117647066,0.8235294117647066,0.17647058823529396,0.17647058823529396,0.38235294117647045,0.294117647058823,0.3235294117647055,0.7499999999999999,0.6666666666666664,0.833333333333333,0.6944444444444444,0.25,0.19444444444444448,0.6944444444444444,0.8529411764705879,0.17647058823529355,0.8235294117647054,0.23529411764705865,0.20588235294117602,0.294117647058823,0.8529411764705883,0.7352941176470585,0.9117647058823529,0.11764705882352951,0.8235294117647054,0.11764705882352951,0.9117647058823529,0.9411764705882355,0.08823529411764698,0.41176470588235325,0.17647058823529355,0.794117647058824,0.264705882352941,0.35294117647058854,0.794117647058824,0.7941176470588235,0.8529411764705891,0.764705882352941,0.32352941176470573,0.294117647058823,0.38235294117647045,0.8529411764705891,0.735294117647059,0.264705882352941,0.2941176470588237,0.1470588235294117,0.32352941176470573,0.2647058823529412,0.20588235294117668,0.5,0.1764705882352942,0.9117647058823534,0.882352941176471,0.9117647058823529,0.9117647058823534,0.11764705882352951,0.02941176470588235,0.8235294117647066,0.1764705882352942,0.8529411764705891,0.11764705882352951,0.147058823529412,0.17647058823529396,0.147058823529412,0.9117647058823529,0.11764705882352951,0.147058823529412,0.08823529411764698,0.8529411764705891,0.2058823529411765,0.17647058823529396,0.11764705882352951,0.11764705882352922,0.41176470588235325,0.794117647058824,0.7647058823529416,0.3529411764705882,0.735294117647059,0.61764705882353,0.7647058823529409,0.11764705882352951,0.7647058823529416,0.20588235294117668,0.6764705882352945,0.7352941176470585,0.264705882352941,0.2941176470588237,0.4117647058823525,0.6470588235294116,0.61764705882353,0.7058823529411771,0.32352941176470573,0.323529411764706,0.705882352941176,0.23529411764705901,0.7352941176470591,0.1764705882352942,0.2647058823529412,0.352941176470588,0.7647058823529416,0.294117647058823,0.7647058823529416,0.4705882352941174,0.8529411764705879,0.8823529411764705,0.794117647058824,0.823529411764706,0.8529411764705891,0.147058823529412,0.5588235294117645,0.8235294117647066,0.7647058823529409,0.8125,0.25,0.28125,0.6875,0.28125,0.78125,0.71875,0.15625,0.21875,0.71875,0.75,0.25,0.71875,0.75,0.09375,0.40625,0.3125,0.53125,0.53125,0.375,0.375,0.28125,0.71875,0.65625,0.28125,0.15625,0.25,0.8125,0.28125,0.3125,0.25,0.40625,0.46875,0.46875,0.65625,0.40625,0.46875,0.25,0.3125,0.84375,0.84375,0.84375,0.1875,0.3125,0.84375,0.84375,0.25,0.78125,0.25,0.28125,0.75,0.875,0.84375,0.84375,0.71875,0.25,0.65625,0.59375,0.4375,0.28125,0.3125,0.28125,0.25,0.28125
PTN,1.0,0.923076923076923,1.0,0.8888888888888891,1.0,0.4375,0.23076923076923103,0.461538461538462,0.5000000000000006,0.7307692307692305,0.615384615384615,0.615384615384615,0.692307692307692,0.692307692307692,0.692307692307692,0.7692307692307689,0.692307692307692,0.576923076923077,0.384615384615385,0.538461538461539,0.384615384615385,0.46153846153846206,0.5769230769230775,0.615384615384615,0.615384615384615,0.615384615384615,0.307692307692308,0.5,0.3461538461538459,0.384615384615385,0.538461538461539,0.5769230769230764,0.5769230769230764,0.615384615384615,0.5769230769230764,0.42307692307692346,0.42307692307692346,0.42307692307692346,0.7307692307692305,0.34615384615384653,0.6538461538461534,0.4230769230769236,0.38461538461538497,0.3461538461538459,0.6153846153846161,0.538461538461539,0.7692307692307689,0.1923076923076924,0.615384615384615,0.38461538461538436,0.615384615384615,0.8076923076923075,0.384615384615385,0.34615384615384603,0.34615384615384653,0.692307692307692,0.2307692307692309,0.3461538461538465,0.8076923076923076,0.6923076923076925,0.692307692307692,0.7307692307692305,0.30769230769230793,0.230769230769231,0.7307692307692305,0.692307692307692,0.9230769230769229,0.1538461538461539,0.0,0.0,0.0,0.0,0.0,0.0,0.0,0.0,0.0,0.0,0.0,0.0,0.0,0.0,0.0,0.0,0.0,0.0,0.0,0.0,0.0,0.0,0.0,0.0,0.0,0.0,0.0,0.0,0.0,0.0,0.0,0.0,0.0,0.0,0.0,0.0,0.0,0.0,0.0,0.0,0.0,0.0,0.0,0.0,0.0,0.0,0.0,0.0,0.0,0.0,0.0,0.0,0.0,0.0,0.0,0.0,0.0,0.0,0.0,0.0,0.0,0.0,0.0,0.0,0.0,0.0,0.0,0.0,0.0,0.0,0.0,0.0,0.0,0.0,0.0,0.0,0.0,0.0,0.0,0.0,0.0,0.0,0.0,0.0,0.0,0.0,0.0,0.0,0.0,0.0,0.0,0.0,0.0,0.0,0.0,0.0,0.0,0.0,0.0,0.0,0.0,0.0,0.0,0.0,0.0,0.0,0.0,0.0,0.0,0.0,0.0,0.0,0.0,0.0,0.0,0.0,0.0,0.0,0.0,0.0,0.0,0.0,0.0,0.0,0.0,0.0,0.0,0.0,0.0,0.0,0.0,0.0
PTdoB,1.0,0.5,0.666666666666667,0.5,1.0,0.5,0.25,0.375,0.75,0.5,0.375,0.75,0.5,0.625,0.5,0.625,0.25,0.625,0.5,0.5,0.375,0.625,0.875,0.5,0.625,0.625,0.625,0.625,0.375,0.625,0.5,0.25,0.25,0.125,0.25,0.625,0.625,0.75,0.375,0.75,0.375,0.75,0.25,0.625,0.375,0.375,0.875,0.25,0.625,0.25,0.5,0.875,0.5,0.375,0.75,0.25,0.625,0.625,0.375,0.25,0.5,0.25,0.625,0.75,0.5,0.375,0.375,0.375,0.375,0.5,0.25,0.25,0.375,0.5,0.5,0.625,0.75,1.0,0.75,0.375,0.5,0.625,0.5,0.625,0.5,0.625,0.5,0.375,0.75,0.75,0.375,0.75,0.75,0.5,0.5,0.375,0.5,0.5,0.6000000000000001,0.5,0.1,0.5,0.1,0.3,0.1,0.4,0.5,0.4,0.4,0.6000000000000001,0.5,0.6000000000000001,0.7,0.1,0.3,0.7,0.3,0.7,0.5,0.6000000000000001,0.2,0.0,0.5,0.6,0.5,0.7,0.0,0.7,0.8,0.6000000000000001,0.9,0.7,0.4,0.5,0.6,0.2,0.0,0.0,0.0,0.0,0.0,0.0,0.0,0.0,0.0,0.0,0.0,0.0,0.0,0.0,0.0,0.0,0.0,0.0,0.0,0.0,0.0,0.0,0.0,0.0,0.0,0.0,0.0,0.0,0.0,0.0,0.0,0.0,0.0,0.0,0.0,0.0,0.0,0.0,0.0,0.0,0.0,0.0,0.0,0.0,0.0,0.0,0.0,0.0,0.0,0.0,0.0,0.0,0.0,0.0,0.0,0.0,0.0,0.0,0.0,0.0,0.0,0.0,0.0,0.0
PV,1.0,0.4,0.25,1.0,1.0,0.375,0.3333333333333335,0.4166666666666665,0.2500000000000005,0.33333333333333304,0.6666666666666665,0.833333333333333,0.583333333333333,0.49999999999999956,0.16666666666666652,0.16666666666666652,0.16666666666666652,0.8333333333333335,0.0833333333333335,1.0,0.25,0.16666666666666652,0.8333333333333335,0.9166666666666665,1.0,1.0,0.0,0.25,0.16666666666666652,0.16666666666666652,0.25,0.666666666666667,1.0,0.8333333333333335,0.833333333333333,0.0,0.166666666666667,0.33333333333333304,0.833333333333333,0.3333333333333335,0.9166666666666665,0.16666666666666652,0.166666666666667,0.3333333333333335,0.833333333333333,0.8333333333333335,0.3333333333333335,0.6666666666666665,0.9166666666666665,0.16666666666666652,0.9166666666666665,0.8333333333333335,0.25,0.4166666666666665,0.5000000000000004,0.5000000000000004,0.5833333333333335,0.5000000000000004,0.3333333333333335,0.3333333333333335,0.4166666666666665,0.25,0.5000000000000004,0.4166666666666665,0.75,0.41666666666666696,0.41666666666666696,0.41666666666666696,0.0833333333333335,0.16666666666666652,0.0833333333333335,0.49999999999999956,0.0,0.4166666666666665,0.16666666666666652,0.8333333333333335,0.8333333333333335,0.41666666666666696,0.7500000000000004,0.25,0.0833333333333335,0.75,0.25,0.75,0.16666666666666652,0.16666666666666652,0.0833333333333335,0.16666666666666652,0.583333333333333,0.25,0.3333333333333335,0.25,0.75,0.25,0.25,0.3333333333333335,0.25,0.25,0.75,0.25,0.25,0.25,0.0833333333333335,0.75,0.16666666666666652,0.75,0.49999999999999956,0.75,0.75,0.3333333333333335,0.16666666666666652,0.16666666666666652,0.75,0.0833333333333335,0.8333333333333335,0.0833333333333335,0.0,0.9166666666666665,0.16666666666666652,0.75,0.0833333333333335,0.16666666666666652,0.4166666666666665,0.6666666666666665,0.25,0.75,0.0833333333333335,0.75,0.8333333333333335,0.75,0.75,0.583333333333333,0.16666666666666652,0.5,0.7500000000000004,0.9166666666666665,0.8333333333333335,0.25,0.49999999999999956,0.75,0.25,0.6666666666666665,0.41666666666666696,0.16666666666666652,0.4166666666666665,0.25,0.25,0.9166666666666665,0.6666666666666665,0.6666666666666665,0.0833333333333335,0.25,0.75,0.9166666666666665,0.0833333333333335,0.4166666666666665,0.16666666666666652,0.16666666666666652,0.9166666666666665,0.5000000000000004,0.3333333333333335,0.25,0.3333333333333335,0.75,0.3333333333333335,0.0833333333333335,0.0833333333333335,0.4166666666666665,0.8333333333333335,0.25,0.2500000000000005,0.41666666666666696,0.4166666666666665,0.16666666666666652,0.0,0.8333333333333335,0.8333333333333335,0.7500000000000004,0.16666666666666652,0.16666666666666652,0.7500000000000004,0.9166666666666665,0.16666666666666652,0.2500000000000005,0.8333333333333335,0.5833333333333339,0.8333333333333335,0.9166666666666665,0.166666666666667,0.166666666666667,0.0833333333333335,0.9166666666666665,0.8333333333333335,0.7500000000000004,0.0833333333333335,0.16666666666666652,0.9166666666666665,0.5,0.16666666666666652,0.49999999999999956
REDE,1.0,0.0,1.0,0.0,1.0,0.0,0.5,0.875,0.875,0.0,0.75,1.0,0.75,0.75,0.75,0.5,0.5,0.5,0.5,0.125,0.625,0.5,0.5,0.5,0.125,0.25,0.625,0.5,0.5,0.5,0.5,0.0,0.0,0.25,0.0,0.5,1.0,0.875,0.0,1.0,0.0,0.5,0.625,0.5,0.375,0.125,0.375,0.875,0.0,0.125,0.5,1.0,0.5,0.625,0.5,0.5,0.5,0.625,0.5,0.5,0.125,0.125,0.75,0.875,1.0,0.25,0.0,1.0,0.5,0.625,0.375,0.625,0.625,0.5,0.5,0.625,0.75,0.375,0.875,0.5,0.5,0.5,0.5,0.5,0.5,0.25,0.375,0.375,0.875,0.5,0.5,0.5,0.875,0.5,0.5,0.5,0.5,0.5,0.25,0.25,0.5,0.125,0.25,0.625,0.0,0.5,0.5,0.625,0.5,0.5,0.125,0.375,1.0,0.25,0.5,0.625,0.125,1.0,0.125,0.125,0.5,0.25,0.5,0.5,0.5,0.5,0.25,0.5,0.75,0.0,0.75,1.0,0.125,0.375,0.25,0.75,0.0,0.25,0.5,0.25,0.875,0.0,0.0,0.5,0.5,0.5,0.125,0.875,0.25,0.75,0.5,0.0,0.0,0.875,0.0,0.5,0.75,0.5,0.5,1.0,0.5,0.5,0.5,0.0,0.5,0.5,0.875,0.875,0.75,0.5,0.125,0.75,0.5,0.5,0.875,1.0,0.875,0.75,0.125,0.0,0.625,0.875,0.5,0.125,0.5,0.5,0.625,0.875,0.0,0.0,0.0,0.5,0.625,0.25,0.5,0.5,1.0,0.5,1.0,0.5
SD,1.0,0.6,0.166666666666667,1.0,1.0,0.25,0.0357142857142857,0.14285714285714302,0.17857142857142855,0.5714285714285715,0.8928571428571427,0.107142857142857,0.5000000000000001,0.392857142857143,0.2142857142857144,0.17857142857142838,0.2142857142857144,0.8214285714285712,0.2142857142857144,0.6071428571428574,0.3571428571428575,0.17857142857142855,0.7142857142857144,0.7499999999999996,0.7857142857142859,0.7142857142857144,0.1071428571428571,0.21428571428571447,0.25,0.5714285714285716,0.678571428571428,0.3928571428571428,0.6071428571428568,0.392857142857143,0.6071428571428568,0.5714285714285716,0.2499999999999997,0.8214285714285715,0.5000000000000004,0.5714285714285715,0.1428571428571429,0.24999999999999994,0.17857142857142838,0.17857142857142855,0.8214285714285712,0.7499999999999996,0.8571428571428573,0.107142857142857,0.8214285714285715,0.21428571428571447,0.8214285714285715,0.9285714285714285,0.17857142857142855,0.21428571428571447,0.28571428571428553,0.7142857142857144,0.28571428571428586,0.3214285714285714,0.6428571428571426,0.7499999999999996,0.7142857142857144,0.7142857142857144,0.21428571428571447,0.107142857142857,0.7857142857142856,0.7499999999999996,0.7499999999999996,0.21428571428571447,0.28571428571428553,0.17857142857142855,0.107142857142857,0.24999999999999994,0.07142857142857151,0.5714285714285715,0.21428571428571447,0.9642857142857149,0.9285714285714292,0.8214285714285715,0.8571428571428572,0.2,0.0666666666666665,0.8333333333333335,0.16666666666666652,0.8000000000000005,0.1333333333333335,0.0666666666666665,0.0666666666666665,0.1333333333333335,0.571428571428572,0.28571428571428553,0.2,0.16666666666666652,0.7857142857142856,0.14285714285714302,0.14285714285714302,0.21428571428571447,0.21428571428571447,0.25,0.8214285714285712,0.8571428571428573,0.14285714285714302,0.571428571428572,0.642857142857143,0.607142857142857,0.107142857142857,0.7499999999999996,0.2142857142857144,0.7142857142857144,0.6428571428571435,0.24999999999999994,0.2142857142857144,0.24999999999999994,0.39285714285714257,0.642857142857143,0.8214285714285714,0.07142857142857151,0.32142857142857145,0.9285714285714285,0.14285714285714302,0.75,0.0,0.3571428571428571,0.32142857142857145,0.6785714285714286,0.107142857142857,0.8214285714285712,0.8214285714285715,0.8928571428571427,0.7857142857142859,0.9642857142857149,0.8214285714285714,0.8928571428571428,0.0357142857142857,0.4642857142857144,0.9285714285714292,0.7499999999999996,0.9642857142857149,0.14285714285714302,0.35714285714285754,0.7499999999999996,0.32142857142857156,0.7499999999999999,0.5357142857142857,0.3214285714285714,0.17857142857142855,0.7142857142857144,0.5357142857142856,0.5714285714285716,0.6428571428571435,0.6428571428571435,0.17857142857142838,0.6428571428571426,0.5714285714285711,0.3928571428571428,0.4285714285714286,0.35714285714285693,0.28571428571428553,0.28571428571428586,0.49999999999999956,0.7499999999999999,0.14285714285714302,0.14285714285714302,0.107142857142857,0.8571428571428572,0.28571428571428553,0.17857142857142855,0.28571428571428553,0.3571428571428571,0.3214285714285714,0.5,0.321428571428571,0.5714285714285711,0.3928571428571429,0.3571428571428571,0.2142857142857144,0.7857142857142856,0.7857142857142856,0.75,0.3214285714285714,0.28571428571428553,0.7857142857142856,0.8214285714285714,0.3571428571428571,0.7142857142857141,0.392857142857143,0.32142857142857156,0.8571428571428572,0.8214285714285714,0.5000000000000004,0.5000000000000004,0.5357142857142859,0.42857142857142905,0.8928571428571428,0.6785714285714286,0.35714285714285693,0.28571428571428603,0.607142857142857,0.25,0.14285714285714302,0.35714285714285754
Sem partido,1.0,0.5,1.0,1.0,1.0,0.0,0.5,1.0,1.0,0.0,0.0,1.0,1.0,1.0,1.0,1.0,1.0,0.0,1.0,0.0,0.5,1.0,0.5,0.5,0.0,0.0,1.0,1.0,1.0,1.0,1.0,0.0,0.0,0.0,0.0,1.0,1.0,1.0,0.0,1.0,0.0,1.0,0.5,1.0,0.0,0.0,1.0,0.0,0.0,0.5,0.0,0.5,0.5,0.0,0.5,0.5,0.5,0.5,0.0,0.5,0.0,0.0,0.5,1.0,0.5,0.0,0.0,0.5,0.2500000000000001,0.28571428571428564,0.21428571428571408,0.17857142857142871,0.17857142857142838,0.5,0.2142857142857144,0.8928571428571427,0.8928571428571427,0.8571428571428573,1.0,0.32142857142857173,0.17857142857142838,0.7857142857142856,0.21428571428571408,0.7499999999999998,0.3928571428571427,0.2999999999999995,0.233333333333333,0.2999999999999995,0.5625,0.21875,0.3666666666666665,0.2999999999999998,0.71875,0.28125,0.375,0.25,0.34375,0.34375,0.9333333333333336,0.7666666666666669,0.1333333333333335,0.625,0.7,0.733333333333333,0.0666666666666665,0.5333333333333334,0.1999999999999995,0.7333333333333335,0.566666666666667,0.33333333333333315,0.26666666666666644,0.433333333333333,0.5999999999999994,0.7,0.5999999999999994,0.2999999999999995,0.2,0.8333333333333335,0.33333333333333315,0.7000000000000006,0.11764705882352951,0.4411764705882355,0.38235294117647,0.735294117647059,0.35294117647058854,0.705882352941176,0.7647058823529416,0.794117647058824,0.8529411764705879,0.794117647058824,0.8235294117647066,0.794117647058824,0.264705882352941,0.5294117647058821,0.735294117647059,0.2941176470588235,0.8260869565217396,0.1521739130434785,0.6521739130434785,0.5652173913043484,0.4130434782608694,0.652173913043478,0.58695652173913,0.4565217391304346,0.30434782608695643,0.6304347826086956,0.4565217391304355,0.6304347826086959,0.6086956521739126,0.6521739130434785,0.304347826086957,0.673913043478261,0.7173913043478256,0.3478260869565215,0.5869565217391309,0.39583333333333337,0.39583333333333304,0.37500000000000056,0.7916666666666665,0.6521739130434785,0.326086956521739,0.41304347826087,0.4565217391304349,0.5,0.4782608695652175,0.2916666666666665,0.36956521739130455,0.4,0.49999999999999944,0.4423076923076924,0.538461538461539,0.4807692307692305,0.38,0.38,0.38,0.8200000000000001,0.8400000000000001,0.84,0.22,0.28,0.8200000000000001,0.88,0.38,0.6799999999999999,0.48000000000000004,0.54,0.8200000000000001,0.88,0.54,0.54,0.62,0.45999999999999996,0.8400000000000001,0.5000000000000004,0.31250000000000017,0.35416666666666685,0.5208333333333336,0.31250000000000017,0.24,0.6521739130434785
